Comment,Designator,Footprint,LCSC,Quantity
100n,C18,C_0402_1005Metric,C1525,1
100nF,"C1,C10,C11,C12,C13,C14,C15,C5,C6,C9",C_0402_1005Metric,C1525,10
10uF,C7,C_0402_1005Metric,C15525,1
12MHz,Y1,Crystal_SMD_3225-4Pin_3.2x2.5mm,C9002,1
1k,"R1,R6",R_0402_1005Metric,C11702,2
1k,R9,R_0402_1005Metric,C25543,1
1uF,"C16,C17,C4,C8",C_0402_1005Metric,C52923,4
22pF,"C2,C3",C_0402_1005Metric,C1555,2
27R,"R4,R5",R_0402_1005Metric,C25190,2
4.7k,"R10,R8",R_0402_1005Metric,C25900,2
500mA,F1,Fuse_1206_3216Metric,C70076,1
5k1,"R2,R3",R_0402_1005Metric,C25905,2
74AHCT1G125,U1,TSOT-23-5,C842287,1
D_Small,"D1,D10,D11,D12,D13,D14,D15,D16,D17,D18,D19,D2,D20,D21,D22,D23,D24,D25,D26,D27,D28,D29,D3,D30,D31,D32,D33,D34,D35,D36,D37,D38,D39,D4,D40,D41,D42,D43,D44,D45,D46,D5,D6,D7,D8,D9",D_SOD-123F,C81598,46
MX_SK6812MINI-E,LED10,LED_MX_6028R,C5149201,1
PRTR5V0U2X,U5,SOT-143,C2827688,1
Pico EZmate,J3,Molex_Pico-EZmate_78171-0004_1x04-1MP_P1.20mm_Vertical,C588524,1
RP2040,U3,RP2040-QFN-56,C2040,1
SK6812MINI-E,"LED1,LED2,LED3,LED4,LED5,LED6,LED7,LED8,LED9",LED_6028R,C5149201,9
USB_C_Receptacle_USB2.0,J1,USB_C_Receptacle_HRO_TYPE-C-31-M-12,C165948,1
W25Q16JVUXIQ,IC1,SON50P300X200X60-9N,C2843335,1
XC6206PxxxMR-Regulator_Linear,U4,SOT-23,C5446,1
boot,SW1,SW_SPST_TL3342,C115351,1
MX_SW_HS,MX46,SW_MX_1u,,1
MX_SW_HS,MX45,SW_MX_1.25u,,1
MX_SW_HS,MX44,SW_MX_1.25u,,1
MX_SW_HS,MX43,SW_MX_1.75u,,1
MX_SW_HS,MX42,SW_MX_1.75u,,1
MX_SW_HS,MX41,SW_MX_1.25u,,1
MX_SW_HS,MX40,SW_MX_1u,,1
MX_SW_HS,MX39,SW_MX_1.25u,,1
MX_SW_HS,MX38,SW_MX_1u,,1
MX_SW_HS,MX37,SW_MX_1u,,1
MX_SW_HS,MX36,SW_MX_1u,,1
MX_SW_HS,MX35,SW_MX_1u,,1
MX_SW_HS,MX34,SW_MX_1u,,1
MX_SW_HS,MX33,SW_MX_1u,,1
MX_SW_HS,MX32,SW_MX_1u,,1
MX_SW_HS,MX31,SW_MX_1u,,1
MX_SW_HS,MX30,SW_MX_1u,,1
MX_SW_HS,MX29,SW_MX_1u,,1
MX_SW_HS,MX28,SW_MX_1u,,1
MX_SW_HS,MX27,SW_MX_1.75u,,1
MX_SW_HS,MX26,SW_MX_1u,,1
MX_SW_HS,MX25,SW_MX_1u,,1
MX_SW_HS,MX24,SW_MX_1u,,1
MX_SW_HS,MX23,SW_MX_1u,,1
MX_SW_HS,MX22,SW_MX_1u,,1
MX_SW_HS,MX21,SW_MX_1u,,1
MX_SW_HS,MX20,SW_MX_1u,,1
MX_SW_HS,MX19,SW_MX_1u,,1
MX_SW_HS,MX18,SW_MX_1u,,1
MX_SW_HS,MX17,SW_MX_1u,,1
MX_SW_HS,MX16,SW_MX_1u,,1
MX_SW_HS,MX15,SW_MX_1.25u,,1
MX_SW_HS,MX14,SW_MX_1u,,1
MX_SW_HS,MX13,SW_MX_1u,,1
MX_SW_HS,MX12,SW_MX_1u,,1
MX_SW_HS,MX11,SW_MX_1u,,1
MX_SW_HS,MX10,SW_MX_1u,,1
MX_SW_HS,MX9,SW_MX_1u,,1
MX_SW_HS,MX8,SW_MX_1u,,1
MX_SW_HS,MX7,SW_MX_1u,,1
MX_SW_HS,MX6,SW_MX_1u,,1
MX_SW_HS,MX5,SW_MX_1u,,1
MX_SW_HS,MX4,SW_MX_1u,,1
MX_SW_HS,MX3,SW_MX_1u,,1
MX_SW_HS,MX2,SW_MX_1u,,1
MX_SW_HS,MX1,SW_MX_1u,,1
MX_SW_HS,MX49,SW_MX_1u,,1
OLED,OL2,OLED_v2,,1
MX_SW_HS,MX51,SW_MX_1u,,1
MX_stab,S1,STAB_MX_P_ISO-ROT,,1
MX_SW_HS,MX48,SW_MX_1.25u,,1
RotaryEncoder_Switch,SW3,ROT_Alps_EC11E-Switch,,1
RotaryEncoder_Switch,SW6,ROT_Alps_EC11E-Switch,,1
MX_SW_HS,MX52,SW_MX_1.25u,,1
MX_stab,S3,STAB_MX_P_3u,,1
MX_SW_HS,MX53,SW_MX_1u,,1
MX_SW_HS,MX47,SW_MX_1u,,1
RotaryEncoder_Switch,SW4,ROT_Alps_EC11E-Switch,,1
MX_SW_HS,MX50,SW_MX_1u,,1
MX_stab,S2,STAB_MX_P_3u,,1
OLED,OL1,OLED_v2,,1
MX_stab,S4,STAB_MX_P_6u,,1
RotaryEncoder_Switch,SW5,ROT_Alps_EC11E-Switch,,1
JST SH,J2,JST_SH_SM04B-SRSS-TB_1x04-1MP_P1.00mm_Horizontal,,1
SK6812MINI-E,LED11,LED_6028R,,1
SK6812MINI-E,LED12,LED_6028R,,1
SK6812MINI-E,LED14,LED_6028R,,1
SK6812MINI-E,LED13,LED_6028R,,1
