Designator,Val,Package,Mid X,Mid Y,Rotation,Layer
C1,100nF,C_0402_1005Metric,277.395,-61.578272,180.0,bottom
C10,100nF,C_0402_1005Metric,257.269413,-78.520725,45.0,bottom
C11,100nF,C_0402_1005Metric,264.1625,-91.68125,270.0,bottom
C12,100nF,C_0402_1005Metric,253.541657,-80.749139,45.0,bottom
C13,100nF,C_0402_1005Metric,265.90625,-86.51875,225.0,bottom
C14,100nF,C_0402_1005Metric,251.620651,-89.991082,315.0,bottom
C15,100nF,C_0402_1005Metric,264.772993,-79.182044,135.0,bottom
C16,1uF,C_0402_1005Metric,260.207928,-68.2625,180.0,bottom
C17,1uF,C_0402_1005Metric,260.19375,-74.35625,0.0,bottom
C18,100n,C_0402_1005Metric,267.211557,-80.356666,135.0,bottom
C2,22pF,C_0402_1005Metric,255.9771,-91.484644,270.0,bottom
C3,22pF,C_0402_1005Metric,249.262052,-91.420454,225.0,bottom
C4,1uF,C_0402_1005Metric,260.478872,-76.99375,90.0,bottom
C5,100nF,C_0402_1005Metric,265.5666,-79.870798,135.0,bottom
C6,100nF,C_0402_1005Metric,250.87709,-89.273044,315.0,bottom
C7,10uF,C_0402_1005Metric,260.19375,-73.3625,180.0,bottom
C8,1uF,C_0402_1005Metric,259.55625,-76.99375,90.0,bottom
C9,100nF,C_0402_1005Metric,257.976718,-77.756369,45.0,bottom
D1,D_Small,D_SOD-123F,33.3375,-46.0375,180.0,bottom
D10,D_Small,D_SOD-123F,193.675,-46.0375,0.0,bottom
D11,D_Small,D_SOD-123F,212.725,-46.0375,0.0,bottom
D12,D_Small,D_SOD-123F,231.775,-46.0375,0.0,bottom
D13,D_Small,D_SOD-123F,267.49375,-51.5905,0.0,bottom
D14,D_Small,D_SOD-123F,33.3375,-49.2125,180.0,bottom
D15,D_Small,D_SOD-123F,38.70625,-49.2125,0.0,bottom
D16,D_Small,D_SOD-123F,59.53125,-49.2125,0.0,bottom
D17,D_Small,D_SOD-123F,79.375,-49.2125,0.0,bottom
D18,D_Small,D_SOD-123F,98.425,-49.2125,0.0,bottom
D19,D_Small,D_SOD-123F,117.475,-49.2125,0.0,bottom
D2,D_Small,D_SOD-123F,38.70625,-46.0375,0.0,bottom
D20,D_Small,D_SOD-123F,136.525,-49.2125,0.0,bottom
D21,D_Small,D_SOD-123F,155.575,-49.2125,0.0,bottom
D22,D_Small,D_SOD-123F,174.625,-49.2125,0.0,bottom
D23,D_Small,D_SOD-123F,193.675,-49.2125,0.0,bottom
D24,D_Small,D_SOD-123F,212.725,-49.2125,0.0,bottom
D25,D_Small,D_SOD-123F,231.775,-49.2125,0.0,bottom
D26,D_Small,D_SOD-123F,33.3375,-52.3875,180.0,bottom
D27,D_Small,D_SOD-123F,38.70625,-52.3875,0.0,bottom
D28,D_Small,D_SOD-123F,59.53125,-52.3875,0.0,bottom
D29,D_Small,D_SOD-123F,79.375,-52.3875,0.0,bottom
D3,D_Small,D_SOD-123F,59.53125,-46.0375,0.0,bottom
D30,D_Small,D_SOD-123F,98.425,-52.3875,0.0,bottom
D31,D_Small,D_SOD-123F,117.475,-52.3875,0.0,bottom
D32,D_Small,D_SOD-123F,136.525,-52.3875,0.0,bottom
D33,D_Small,D_SOD-123F,155.575,-52.3875,0.0,bottom
D34,D_Small,D_SOD-123F,174.625,-52.3875,0.0,bottom
D35,D_Small,D_SOD-123F,193.675,-52.3875,0.0,bottom
D36,D_Small,D_SOD-123F,212.725,-52.3875,0.0,bottom
D37,D_Small,D_SOD-123F,231.775,-52.3875,0.0,bottom
D38,D_Small,D_SOD-123F,267.49375,-53.97175,0.0,bottom
D39,D_Small,D_SOD-123F,38.70625,-55.5625,0.0,bottom
D4,D_Small,D_SOD-123F,79.375,-46.0375,0.0,bottom
D40,D_Small,D_SOD-123F,59.53125,-55.5625,0.0,bottom
D41,D_Small,D_SOD-123F,79.375,-55.5625,0.0,bottom
D42,D_Small,D_SOD-123F,98.425,-55.5625,0.0,bottom
D43,D_Small,D_SOD-123F,136.525,-55.5625,0.0,bottom
D44,D_Small,D_SOD-123F,174.625,-55.5625,0.0,bottom
D45,D_Small,D_SOD-123F,193.675,-55.5625,0.0,bottom
D46,D_Small,D_SOD-123F,212.725,-55.5625,0.0,bottom
D5,D_Small,D_SOD-123F,98.425,-46.0375,0.0,bottom
D6,D_Small,D_SOD-123F,117.475,-46.0375,0.0,bottom
D7,D_Small,D_SOD-123F,136.525,-46.0375,0.0,bottom
D8,D_Small,D_SOD-123F,155.575,-46.0375,0.0,bottom
D9,D_Small,D_SOD-123F,174.625,-46.0375,0.0,bottom
F1,500mA,Fuse_1206_3216Metric,129.8731,-32.5417,270.0,bottom
IC1,W25Q16JVUXIQ,SON50P300X200X60-9N,268.2875,-83.34375,45.0,bottom
J1,USB_C_Receptacle_USB2.0,USB_C_Receptacle_HRO_TYPE-C-31-M-12,146.0408,-10.1907,0.0,bottom
J3,Pico EZmate,Molex_Pico-EZmate_78171-0004_1x04-1MP_P1.20mm_Vertical,236.5375,-39.6875,90.0,bottom
LED1,SK6812MINI-E,LED_6028R,273.8265,-57.9401,180.0,bottom
LED10,MX_SK6812MINI-E,LED_MX_6028R,267.49375,-41.6,0.0,bottom
LED11,SK6812MINI-E,LED_6028R,281.7635,-31.748,90.0,bottom
LED12,SK6812MINI-E,LED_6028R,281.7635,-23.0173,90.0,bottom
LED13,SK6812MINI-E,LED_6028R,253.1903,-50.0031,270.0,bottom
LED14,SK6812MINI-E,LED_6028R,256.3651,-15.0803,0.0,bottom
LED2,SK6812MINI-E,LED_6028R,281.7635,-50.0031,90.0,bottom
LED3,SK6812MINI-E,LED_6028R,281.7635,-41.2724,90.0,bottom
LED4,SK6812MINI-E,LED_6028R,273.84375,-15.0803,0.0,bottom
LED5,SK6812MINI-E,LED_6028R,265.125406,-15.0803,0.0,bottom
LED6,SK6812MINI-E,LED_6028R,248.4281,-23.0173,270.0,bottom
LED7,SK6812MINI-E,LED_6028R,248.4281,-31.75,270.0,bottom
LED8,SK6812MINI-E,LED_6028R,253.1903,-41.2724,270.0,bottom
LED9,SK6812MINI-E,LED_6028R,261.14375,-57.9401,180.0,bottom
R1,1k,R_0402_1005Metric,251.95625,-85.88375,90.0,bottom
R10,4.7k,R_0402_1005Metric,21.205,-83.45375,270.0,bottom
R2,5k1,R_0402_1005Metric,141.67685,-15.874,270.0,bottom
R3,5k1,R_0402_1005Metric,150.40755,-15.874,270.0,bottom
R4,27R,R_0402_1005Metric,263.125,-76.99375,270.0,bottom
R5,27R,R_0402_1005Metric,261.9375,-76.99375,270.0,bottom
R6,1k,R_0402_1005Metric,254.315702,-90.671575,225.0,bottom
R8,4.7k,R_0402_1005Metric,17.893094,-83.419862,270.0,bottom
R9,1k,R_0402_1005Metric,271.136392,-84.555256,135.0,bottom
SW1,boot,SW_SPST_TL3342,273.84375,-96.04375,270.0,bottom
U1,74AHCT1G125,TSOT-23-5,276.989872,-64.303272,270.0,bottom
U3,RP2040,RP2040-QFN-56,259.55625,-84.93125,315.0,bottom
U4,XC6206PxxxMR-Regulator_Linear,SOT-23,260.19375,-70.7875,0.0,bottom
U5,PRTR5V0U2X,SOT-143,133.0479,-32.5417,0.0,bottom
Y1,12MHz,Crystal_SMD_3225-4Pin_3.2x2.5mm,253.047641,-92.668543,225.0,bottom
